path_to_item	Pulgares hacia arriba	Pulgares abajo
Bienvenida>Bienvenida y autoevaluación>Antes de comenzar	6239	20
Bienvenida>Bienvenida y autoevaluación>Saludar y presentarse	3031	20
Bienvenida>Bienvenida y autoevaluación>Bienvenida y autoevaluación	4388	38
Bienvenida>Bienvenida y autoevaluación>Preguntas frecuentes sobre actividades y evaluaciones	2680	24
La sexualidad ¿mucho más que sexo?>Hablemos claro, aclaremos conceptos>Objetivos módulo 2: "Sexualidad ¿Mucho más que sexo?"	2794	11
La sexualidad ¿mucho más que sexo?>Hablemos claro, aclaremos conceptos>Sexo y sexualidad ¿En qué se diferencian?	2568	33
La sexualidad ¿mucho más que sexo?>Hablemos claro, aclaremos conceptos>Barreras para conversar acerca de la sexualidad	1716	18
La sexualidad ¿mucho más que sexo?>Hablemos claro, aclaremos conceptos>Conceptos básicos	2942	20
La sexualidad ¿mucho más que sexo?>Hablemos claro, aclaremos conceptos>Para terminar...	1414	3
La sexualidad ¿mucho más que sexo?>Hablemos claro, aclaremos conceptos>Sexualidad y categorización ¿Para qué sirven las categorías y sus definiciones?	2771	7
La sexualidad ¿mucho más que sexo?>Sexo es lo que somos, no lo que hacemos>¿Qué es sexo?	1206	16
La sexualidad ¿mucho más que sexo?>Sexo es lo que somos, no lo que hacemos>Procesos biológicos	746	3
La sexualidad ¿mucho más que sexo?>Sexo es lo que somos, no lo que hacemos>Para terminar...	788	9
La sexualidad ¿mucho más que sexo?>Sexo es lo que somos, no lo que hacemos>Concepto de sexo	1839	27
La sexualidad ¿mucho más que sexo?>Como nos ven nos tratan>Para comenzar...	496	0
La sexualidad ¿mucho más que sexo?>Como nos ven nos tratan>¿Qué es el género?	463	6
La sexualidad ¿mucho más que sexo?>Como nos ven nos tratan>Para terminar...	460	7
La sexualidad ¿mucho más que sexo?>Como nos ven nos tratan>Concepto de género	1777	19
La sexualidad ¿mucho más que sexo?>El sexo de otras personas también nos define>¿Qué es la orientación sexual?	431	7
La sexualidad ¿mucho más que sexo?>El sexo de otras personas también nos define>Procesos psicológicos	335	3
La sexualidad ¿mucho más que sexo?>El sexo de otras personas también nos define>La orientación sexual, un asunto complejo	345	2
La sexualidad ¿mucho más que sexo?>El sexo de otras personas también nos define>Concepto de orientación sexual	1419	20
La sexualidad ¿mucho más que sexo?>La sexualidad soy yo>Identidad y sexualidad	427	3
La sexualidad ¿mucho más que sexo?>La sexualidad soy yo>¿Qué es la sexualidad?	357	0
La sexualidad ¿mucho más que sexo?>La sexualidad soy yo>Sexualidad, un aspecto de la identidad	410	5
La sexualidad ¿mucho más que sexo?>La sexualidad soy yo>Preguntas frecuentes sobre conceptos básicos de la sexualidad	1785	3
La sexualidad ¿mucho más que sexo?>La sexualidad soy yo>Concepto de sexualidad	1235	38
La sexualidad ¿mucho más que sexo?>Cierre del módulo 2 : "Sexualidad ¿mucho más que sexo?">Actividad: ¿Qué aprendimos en el módulo 2?	1462	2
Yo soy… lo que he vivido>Mi cuerpo habla: Identidad con el sexo>Objetivos módulo 3: "Yo soy...lo que he vivido"	1226	3
Yo soy… lo que he vivido>Mi cuerpo habla: Identidad con el sexo>Para comenzar: "Yo soy... lo que he vivido"	487	10
Yo soy… lo que he vivido>Mi cuerpo habla: Identidad con el sexo>¿Qué es la identidad con el sexo?	395	2
Yo soy… lo que he vivido>Mi cuerpo habla: Identidad con el sexo>¿Cómo se desarrolla la identidad con el sexo?	401	4
Yo soy… lo que he vivido>Mi cuerpo habla: Identidad con el sexo>La identidad con el sexo y la valoración personal	419	3
Yo soy… lo que he vivido>Mi cuerpo habla: Identidad con el sexo>La identidad con el sexo y los agentes de socialización sexual	473	6
Yo soy… lo que he vivido>Mi cuerpo habla: Identidad con el sexo>Preguntas frecuentes sobre identidad con el sexo	1569	3
Yo soy… lo que he vivido>Mi cuerpo habla: Identidad con el sexo>Identidad con el sexo	1390	7
Yo soy… lo que he vivido>¡Esto es cuestión de género!: identidad con el género>¿Qué es la identidad con el género?	338	4
Yo soy… lo que he vivido>¡Esto es cuestión de género!: identidad con el género>Desarrollo de la identidad con el género	347	4
Yo soy… lo que he vivido>¡Esto es cuestión de género!: identidad con el género>Línea del tiempo del desarrollo de las cogniciones de  género en niñas y niños	1403	5
Yo soy… lo que he vivido>¡Esto es cuestión de género!: identidad con el género>¡Esto es cuestión de género!	425	2
Yo soy… lo que he vivido>¡Esto es cuestión de género!: identidad con el género>Preguntas frecuentes sobre identidad con el género	1216	3
Yo soy… lo que he vivido>¡Esto es cuestión de género!: identidad con el género>Evaluación: Identidad con el género	1042	72
Yo soy… lo que he vivido>¿Dime el sexo de las personas que te atraen y te diré quién eres?: Identidad con la orientación sexual>¿Qué es la identidad con la orientación sexual?	406	3
Yo soy… lo que he vivido>¿Dime el sexo de las personas que te atraen y te diré quién eres?: Identidad con la orientación sexual>Desarrollo de la identidad con la orientación sexual	326	4
Yo soy… lo que he vivido>¿Dime el sexo de las personas que te atraen y te diré quién eres?: Identidad con la orientación sexual>Condiciones del ambiente que influyen en el desarrollo de la identidad con la orientación sexual	357	2
Yo soy… lo que he vivido>¿Dime el sexo de las personas que te atraen y te diré quién eres?: Identidad con la orientación sexual>Para terminar...	292	0
Yo soy… lo que he vivido>¿Dime el sexo de las personas que te atraen y te diré quién eres?: Identidad con la orientación sexual>Preguntas frecuentes sobre identidad con la orientación sexual	1260	5
Yo soy… lo que he vivido>¿Dime el sexo de las personas que te atraen y te diré quién eres?: Identidad con la orientación sexual>Evaluación: Identidad con la orientación sexual	917	37
Yo soy… lo que he vivido>Cierre del módulo 3: "Yo soy... lo que he vivido">Actividad: ¿Qué aprendimos en el módulo 3?	1208	1
Mis decisiones hablan de mi sexualidad>Decido mi futuro con base en mi sexualidad>Objetivo módulo 4: "Mis decisiones hablan de mi sexualidad"	1027	2
Mis decisiones hablan de mi sexualidad>Decido mi futuro con base en mi sexualidad>Para comenzar: "Mis decisiones hablan de mi sexualidad"	390	7
Mis decisiones hablan de mi sexualidad>Decido mi futuro con base en mi sexualidad>¿Qué es un plan de vida?	321	3
Mis decisiones hablan de mi sexualidad>Decido mi futuro con base en mi sexualidad>Plan de vida y autonomía	396	3
Mis decisiones hablan de mi sexualidad>Decido mi futuro con base en mi sexualidad>Preguntas frecuentes sobre decisiones a futuro	1269	0
Mis decisiones hablan de mi sexualidad>Decido mi futuro con base en mi sexualidad>Sexualidad y proyecto de vida	884	39
Mis decisiones hablan de mi sexualidad>Yo decido cómo me relaciono>¿Qué son las relaciones afectivas?	326	6
Mis decisiones hablan de mi sexualidad>Yo decido cómo me relaciono>La cercanía y la autonomía, un requisito para la autenticidad	263	1
Mis decisiones hablan de mi sexualidad>Yo decido cómo me relaciono>Toma de decisiones autónomas en las relaciones afectivas	243	0
Mis decisiones hablan de mi sexualidad>Yo decido cómo me relaciono>Decisiones en las relaciones afectivas	317	2
Mis decisiones hablan de mi sexualidad>Yo decido cómo me relaciono>Patrones de interacción en las relaciones afectivas	1069	1
Mis decisiones hablan de mi sexualidad>Yo decido cómo me relaciono>Preguntas frecuentes sobre decisiones en las relaciones afectivas	984	1
Mis decisiones hablan de mi sexualidad>Yo decido cómo me relaciono>Sexualidad y relaciones afectivas	696	42
Mis decisiones hablan de mi sexualidad>Sexualidad y decisiones sobre actividades sexuales>¿Qué es la actividad sexual?	249	0
Mis decisiones hablan de mi sexualidad>Sexualidad y decisiones sobre actividades sexuales>Estándares sexuales y decisiones sexuales	238	0
Mis decisiones hablan de mi sexualidad>Sexualidad y decisiones sobre actividades sexuales>Análisis crítico de los estándares sexuales	305	0
Mis decisiones hablan de mi sexualidad>Sexualidad y decisiones sobre actividades sexuales>Preguntas frecuentes sobre actividad sexual	1031	2
Mis decisiones hablan de mi sexualidad>Sexualidad y decisiones sobre actividades sexuales>Sexualidad y actividades sexuales	693	4
Mis decisiones hablan de mi sexualidad>Sexualidad y decisiones sobre actividades sexuales>Actividad: ¿Qué aprendimos en el módulo 4?	859	1
Mis decisiones hablan de mi sexualidad>Sexualidad y decisiones sobre actividades sexuales>Preguntas y respuestas con respecto al consentimiento frente a la actividad sexual	737	2
Me atrevo a conversar sobre sexualidad>Sexualidad y bienestar>Objetivos módulo 5: "Me atrevo a conversar sobre sexualidad"	845	0
Me atrevo a conversar sobre sexualidad>Sexualidad y bienestar>Para comenzar: "Me atrevo a conversar sobre sexualidad"	266	2
Me atrevo a conversar sobre sexualidad>Sexualidad y bienestar>¿Qué significa ser feliz?	272	3
Me atrevo a conversar sobre sexualidad>Sexualidad y bienestar>¿Qué es bienestar?	269	5
Me atrevo a conversar sobre sexualidad>Sexualidad y bienestar>Relación entre sexualidad y bienestar	377	2
Me atrevo a conversar sobre sexualidad>Sexualidad y bienestar>Sexualidad y bienestar	803	84
Me atrevo a conversar sobre sexualidad>Yo genero oportunidades de bienestar>Hablar acerca de la sexualidad	238	1
Me atrevo a conversar sobre sexualidad>Yo genero oportunidades de bienestar>Respondiendo a la curiosidad infantil	251	2
Me atrevo a conversar sobre sexualidad>Yo genero oportunidades de bienestar>Reglas de oro para abrir canales de comunicación sobre la sexualidad desde la  infancia	275	1
Me atrevo a conversar sobre sexualidad>Yo genero oportunidades de bienestar>Para terminar...	325	0
Me atrevo a conversar sobre sexualidad>Yo genero oportunidades de bienestar>Preguntas frecuentes sobre comportamientos sexuales infantiles	1046	1
Me atrevo a conversar sobre sexualidad>Yo genero oportunidades de bienestar>Propicio oportunidades de bienestar	667	10
Me atrevo a conversar sobre sexualidad>Conclusión: Me siento capaz de conversar sobre sexualidad>Para terminar	389	1
Me atrevo a conversar sobre sexualidad>Conclusión: Me siento capaz de conversar sobre sexualidad>Actividad: ¿Qué aprendimos en el módulo 5?	770	2
Me atrevo a conversar sobre sexualidad>Conclusión: Me siento capaz de conversar sobre sexualidad>¿Tienes dudas acerca de la sexualidad que no resolvimos en el curso?	623	1
Me atrevo a conversar sobre sexualidad>Conclusión: Me siento capaz de conversar sobre sexualidad>Nuestras fuentes bibliográficas	827	1